vector,tipo,origendestino
GASNATURAL,CONSUMO,EPB,16.39344262,13.1147541,8.19672131,7.37704918,4.09836066,4.91803279,6.55737705,5.73770492,4.09836066,6.55737705,9.83606557,13.1147541
BIOCARBURANTE,CONSUMO,EPB,25.9016393396,20.721311478,12.9508196698,11.6557377044,6.4754098428,7.7704918082,10.360655739,9.0655737736,6.4754098428,10.360655739,15.5409836006,20.721311478
ELECTRICIDAD,PRODUCCION,COGENERACION,4.5901639336,3.672131148,2.2950819668,2.0655737704,1.1475409848,1.3770491812,1.836065574,1.6065573776,1.1475409848,1.836065574,2.7540983596,3.672131148
