vector,tipo,src_dst
ELECTRICIDAD,CONSUMO,EPB,3.278688524,2.62295082,1.639344262,1.475409836,0.819672132,0.983606558,1.31147541,1.147540984,0.819672132,1.31147541,1.967213114,2.62295082
ELECTRICIDAD,PRODUCCION,INSITU,1.134751772,1.418439716,1.985815604,2.836879432,4.822695036,5.39007092,5.673758864,5.10638298,4.539007092,3.40425532,2.269503548,1.418439716
GASNATURAL,CONSUMO,EPB,31.147540978,24.91803279,15.573770489,14.016393442,7.786885254,9.344262301,12.459016395,10.901639348,7.786885254,12.459016395,18.688524583,24.91803279
