vector,tipo,origendestino
ELECTRICIDAD,CONSUMO,EPB,16.39344262,13.1147541,8.19672131,7.37704918,4.09836066,4.91803279,6.55737705,5.73770492,4.09836066,6.55737705,9.83606557,13.1147541
ELECTRICIDAD,PRODUCCION,INSITU,1.418439715,1.773049645,2.482269505,3.54609929,6.028368795,6.73758865,7.09219858,6.382978725,5.673758865,4.25531915,2.836879435,1.773049645
